/*Data for all tables*/

INSERT INTO country(country_id, country_name) Values (1, 'United States');
insert into country(country_id, country_name) Values (2, 'Mexico');
insert into country(country_id, country_name) Values (3, 'United Kingdom');
insert into country(country_id, country_name) Values (4, 'United Arabs Emirates');
insert into country(country_id, country_name) Values (5, 'Germany');
insert into country(country_id, country_name) Values (6, 'Canada');
insert into country(country_id, country_name) Values (7, 'China');
insert into country(country_id, country_name) Values (8, 'Japan');
insert into country(country_id, country_name) Values (9, 'France');
insert into country(country_id, country_name) Values (10, 'Belgium');
insert into country(country_id, country_name) Values (11, 'Nigeria');
insert into country(country_id, country_name) Values (12, 'Egypt');
insert into country(country_id, country_name) Values (13, 'South Africa');
insert into country(country_id, country_name) Values (14, 'Denmark');


INSERT INTO card_type(card_type_id, card_type_name) Values (1, 'Visa');
INSERT INTO card_type(card_type_id, card_type_name) Values (2, 'Capital One');
INSERT INTO card_type(card_type_id, card_type_name) Values (3, 'Discover');
INSERT INTO card_type(card_type_id, card_type_name) Values (4, 'Chase Sapphire');
INSERT INTO card_type(card_type_id, card_type_name) Values (5, 'American Express');
INSERT INTO card_type(card_type_id, card_type_name) Values (6, 'Wells Fargo');
INSERT INTO card_type(card_type_id, card_type_name) Values (7, 'Mastercard');

INSERT INTO customer(customer_id, NIN, first_name, last_name, country_id) Values (1, '543-43-2345', 'John', 'McTavish', 1);
INSERT INTO customer(customer_id, NIN, first_name, last_name, country_id) Values (2, '647-43-1345', 'Raul', 'Santis', 2);
INSERT INTO customer(customer_id, NIN, first_name, last_name, country_id) Values (3, '093-12-5759', 'Michael', 'Gordon', 3);
INSERT INTO customer(customer_id, NIN, first_name, last_name, country_id) Values (4, '245-09-4284', 'Jordan', 'Abdul', 4);
INSERT INTO customer(customer_id, NIN, first_name, last_name, country_id) Values (5, '444-56-2412', 'Peter', 'Kraft', 5);
INSERT INTO customer(customer_id, NIN, first_name, last_name, country_id) Values (6, '609-56-7893', 'Luke', 'Preach', 6);
INSERT INTO customer(customer_id, NIN, first_name, last_name, country_id) Values (7, '023-42-4567', 'Peter', 'Park', 7);
INSERT INTO customer(customer_id, NIN, first_name, last_name, country_id) Values (8, '345-98-6875', 'Theo', 'Shin', 8);
INSERT INTO customer(customer_id, NIN, first_name, last_name, country_id) Values (9, '982-34-5738', 'Marc', 'Thuram', 9);
INSERT INTO customer(customer_id, NIN, first_name, last_name, country_id) Values (10, '908-33-4958', 'Jeremy', 'Thorgan', 10);
INSERT INTO customer(customer_id, NIN, first_name, last_name, country_id) Values (11, '123-45-6778', 'Ade', 'Ogbeni', 11);
INSERT INTO customer(customer_id, NIN, first_name, last_name, country_id) Values (12, '211-00-4950', 'Basma', 'Al-Hashim', 12);
INSERT INTO customer(customer_id, NIN, first_name, last_name, country_id) Values (13, '330-45-0985', 'Dumisani', 'Sifiso', 13);
INSERT INTO customer(customer_id, NIN, first_name, last_name, country_id) Values (14, '999-34-5938', 'Majken', 'Koppel', 14);

INSERT INTO card_number(card_number_id, card_number, customer_id, card_type_id) Values (1, '4958-3847-2837-2843', 3, 1);
INSERT INTO card_number(card_number_id, card_number, customer_id, card_type_id) Values (2, '5837-2864-2937-9403', 4, 2);
INSERT INTO card_number(card_number_id, card_number, customer_id, card_type_id) Values (3, '6908-2736-2989-2930', 1, 3);
INSERT INTO card_number(card_number_id, card_number, customer_id, card_type_id) Values (4, '4583-9203-2937-0009', 2, 4);
INSERT INTO card_number(card_number_id, card_number, customer_id, card_type_id) Values (5, '3987-738278-98372', 6, 5);
INSERT INTO card_number(card_number_id, card_number, customer_id, card_type_id) Values (6, '4092-7777-2837-2234', 7, 6);
INSERT INTO card_number(card_number_id, card_number, customer_id, card_type_id) Values (7, '2493-9483-9378-0084', 5, 7);
INSERT INTO card_number(card_number_id, card_number, customer_id, card_type_id) Values (8, '4027-2748-3847-2321', 14, 1);
INSERT INTO card_number(card_number_id, card_number, customer_id, card_type_id) Values (9, '5003-9286-0293-7274', 9, 2);
INSERT INTO card_number(card_number_id, card_number, customer_id, card_type_id) Values (10, '6003-4956-2983-2223', 8, 3);
INSERT INTO card_number(card_number_id, card_number, customer_id, card_type_id) Values (11, '4009-3837-4985-0004', 10, 4);
INSERT INTO card_number(card_number_id, card_number, customer_id, card_type_id) Values (12, '3094-098372-32453', 11, 5);
INSERT INTO card_number(card_number_id, card_number, customer_id, card_type_id) Values (13, '4034-7583-2234-1384', 13, 6);
INSERT INTO card_number(card_number_id, card_number, customer_id, card_type_id) Values (14, '2366-3842-2349-5993', 12, 7);

INSERT INTO card_transaction(card_transaction_id, date_, amount, card_number_id) Values (1, '2023-01-01', 1200.00, 14);
INSERT INTO card_transaction(card_transaction_id, date_, amount, card_number_id) Values (2, '2023-01-02', 304.90, 6);
INSERT INTO card_transaction(card_transaction_id, date_, amount, card_number_id) Values (3, '2023-01-03', 129.04, 8);
INSERT INTO card_transaction(card_transaction_id, date_, amount, card_number_id) Values (4, '2023-01-04', 89.90, 9);
INSERT INTO card_transaction(card_transaction_id, date_, amount, card_number_id) Values (5, '2023-01-05', 450.34, 11);
INSERT INTO card_transaction(card_transaction_id, date_, amount, card_number_id) Values (6, '2023-01-06', 9.89, 2);
INSERT INTO card_transaction(card_transaction_id, date_, amount, card_number_id) Values (7, '2023-01-07', 400.00, 12);
INSERT INTO card_transaction(card_transaction_id, date_, amount, card_number_id) Values (8, '2023-01-08', 134.98, 3);
INSERT INTO card_transaction(card_transaction_id, date_, amount, card_number_id) Values (9, '2023-01-09', 549.09, 5);
INSERT INTO card_transaction(card_transaction_id, date_, amount, card_number_id) Values (10, '2023-01-10', 40.89, 4);
INSERT INTO card_transaction(card_transaction_id, date_, amount, card_number_id) Values (11, '2023-01-11', 39.50, 3);
INSERT INTO card_transaction(card_transaction_id, date_, amount, card_number_id) Values (12, '2023-01-12', 10.89, 2);
INSERT INTO card_transaction(card_transaction_id, date_, amount, card_number_id) Values (13, '2023-01-13', 20000.00, 1);
INSERT INTO card_transaction(card_transaction_id, date_, amount, card_number_id) Values (14, '2023-01-14', 132.76, 7);
INSERT INTO card_transaction(card_transaction_id, date_, amount, card_number_id) Values (15, '2023-01-15', 700.80, 14);
INSERT INTO card_transaction(card_transaction_id, date_, amount, card_number_id) Values (16, '2023-01-16', 500.00, 13);
INSERT INTO card_transaction(card_transaction_id, date_, amount, card_number_id) Values (17, '2023-01-17', 456.24, 7);
INSERT INTO card_transaction(card_transaction_id, date_, amount, card_number_id) Values (18, '2023-01-18', 200.00, 9);
INSERT INTO card_transaction(card_transaction_id, date_, amount, card_number_id) Values (19, '2023-01-19', 433.90, 5);
INSERT INTO card_transaction(card_transaction_id, date_, amount, card_number_id) Values (20, '2023-01-20', 9.23, 7);
INSERT INTO card_transaction(card_transaction_id, date_, amount, card_number_id) Values (21, '2023-01-21', 290.33, 8);
INSERT INTO card_transaction(card_transaction_id, date_, amount, card_number_id) Values (22, '2023-01-22', 600.55, 12);
INSERT INTO card_transaction(card_transaction_id, date_, amount, card_number_id) Values (23, '2023-01-23', 834.75, 13);
INSERT INTO card_transaction(card_transaction_id, date_, amount, card_number_id) Values (24, '2023-01-24', 903.89, 14);
INSERT INTO card_transaction(card_transaction_id, date_, amount, card_number_id) Values (25, '2023-01-25', 23.99, 2);
INSERT INTO card_transaction(card_transaction_id, date_, amount, card_number_id) Values (26, '2023-01-26', 44.33, 1);
INSERT INTO card_transaction(card_transaction_id, date_, amount, card_number_id) Values (27, '2023-01-27', 68.04, 10);
INSERT INTO card_transaction(card_transaction_id, date_, amount, card_number_id) Values (28, '2023-01-28', 89.00, 10);
INSERT INTO card_transaction(card_transaction_id, date_, amount, card_number_id) Values (29, '2023-01-29', 23.89, 11);
INSERT INTO card_transaction(card_transaction_id, date_, amount, card_number_id) Values (30, '2023-01-30', 60.99, 4);
INSERT INTO card_transaction(card_transaction_id, date_, amount, card_number_id) Values (31, '2023-01-31', 211.48, 3);

/* transactions for February*/
INSERT INTO card_transaction(card_transaction_id, date_, amount, card_number_id) Values (32, '2023-02-1', 500.94, 3);
INSERT INTO card_transaction(card_transaction_id, date_, amount, card_number_id) Values (33, '2023-02-2', 256.09, 13);
INSERT INTO card_transaction(card_transaction_id, date_, amount, card_number_id) Values (34, '2023-02-3', 560.35, 2);
INSERT INTO card_transaction(card_transaction_id, date_, amount, card_number_id) Values (35, '2023-02-4', 2000.34, 14);
INSERT INTO card_transaction(card_transaction_id, date_, amount, card_number_id) Values (36, '2023-02-5', 10.95, 4);
INSERT INTO card_transaction(card_transaction_id, date_, amount, card_number_id) Values (37, '2023-02-6', 90.54, 5);
INSERT INTO card_transaction(card_transaction_id, date_, amount, card_number_id) Values (38, '2023-02-7', 522.44, 6);
INSERT INTO card_transaction(card_transaction_id, date_, amount, card_number_id) Values (39, '2023-02-8', 9.99, 9);
INSERT INTO card_transaction(card_transaction_id, date_, amount, card_number_id) Values (40, '2023-02-9', 221.45, 7);
INSERT INTO card_transaction(card_transaction_id, date_, amount, card_number_id) Values (41, '2023-02-10', 300.23, 10);
INSERT INTO card_transaction(card_transaction_id, date_, amount, card_number_id) Values (42, '2023-02-11', 67.78, 11);
INSERT INTO card_transaction(card_transaction_id, date_, amount, card_number_id) Values (43, '2023-02-12', 203.45, 13);
INSERT INTO card_transaction(card_transaction_id, date_, amount, card_number_id) Values (44, '2023-02-13', 400.56, 2);
INSERT INTO card_transaction(card_transaction_id, date_, amount, card_number_id) Values (45, '2023-02-14', 900.00, 7);
INSERT INTO card_transaction(card_transaction_id, date_, amount, card_number_id) Values (46, '2023-02-15', 23.90, 9);
INSERT INTO card_transaction(card_transaction_id, date_, amount, card_number_id) Values (47, '2023-02-16', 123.49, 12);
INSERT INTO card_transaction(card_transaction_id, date_, amount, card_number_id) Values (48, '2023-02-17', 500.00, 12);
INSERT INTO card_transaction(card_transaction_id, date_, amount, card_number_id) Values (49, '2023-02-18', 35.90, 5);
INSERT INTO card_transaction(card_transaction_id, date_, amount, card_number_id) Values (50, '2023-02-19', 100.55, 8);
INSERT INTO card_transaction(card_transaction_id, date_, amount, card_number_id) Values (51, '2023-02-20', 21.34, 5);
INSERT INTO card_transaction(card_transaction_id, date_, amount, card_number_id) Values (52, '2023-02-21', 50.89, 8);
INSERT INTO card_transaction(card_transaction_id, date_, amount, card_number_id) Values (53, '2023-02-22', 900.45, 10);
INSERT INTO card_transaction(card_transaction_id, date_, amount, card_number_id) Values (54, '2023-02-23', 450.90, 11);
INSERT INTO card_transaction(card_transaction_id, date_, amount, card_number_id) Values (55, '2023-02-24', 80.78, 2);
INSERT INTO card_transaction(card_transaction_id, date_, amount, card_number_id) Values (56, '2023-02-25', 40.55, 1);
INSERT INTO card_transaction(card_transaction_id, date_, amount, card_number_id) Values (57, '2023-02-26', 60.57, 3);
INSERT INTO card_transaction(card_transaction_id, date_, amount, card_number_id) Values (58, '2023-02-27', 211.23, 1);
INSERT INTO card_transaction(card_transaction_id, date_, amount, card_number_id) Values (59, '2023-02-28', 200.34, 4);

